label,huruf,len_t,len_xx,len_xx_sc,skeleton_points,segment_count,curve_points,subpath_count,forced_loop_count,closed_loop_count,open_path_count,closed,cv_label,x_left,csv_file,distance_csv_file,rmse_skeleton_to_curve,mae_skeleton_to_curve,sse_skeleton_to_curve,hausdorff_symmetric,xx_sc_40_x,xx_sc_40_y,xx_sc_61_x,xx_sc_61_y,xx_sc_81_x,xx_sc_81_y,xx_sc_91_x,xx_sc_91_y,xx_sc_180_x,xx_sc_180_y,xx_sc_122_x,xx_sc_122_y
per_huruf_hybrid_skeleton_forced_loop_no_sig,1,978,978,978,75,75,978,2,0,1,1,1,1,8.0,line3_huruf_001_bezier_output.csv,line3_huruf_001_curve_fitting_distance.csv,0.07791049196134085,0.010272894672551231,0.4552533568243618,2.2317575888307073,10.032771961766045,67.92307692307693,9.926263086026399,66.3076923076923,11.230769230769228,64.74874829312698,12.0,64.0,18.846153846153847,64.84615384615385,14.384615384615387,62.927173418297684
per_huruf_hybrid_skeleton_forced_loop_no_sig,2,105,105,105,9,8,105,1,0,0,1,0,2,15.0,line3_huruf_002_bezier_output.csv,line3_huruf_002_curve_fitting_distance.csv,0.0,0.0,0.0,0.6459904389324749,18.07692307692308,46.967228038233955,19.692307692307693,47.0,21.230769230769226,46.81702321347291,22.0,46.0,,,,
per_huruf_hybrid_skeleton_forced_loop_no_sig,3,456,456,456,36,35,456,1,0,0,1,0,3,34.0,line3_huruf_003_bezier_output.csv,line3_huruf_003_curve_fitting_distance.csv,0.0,0.0,0.0,0.6944522700213376,52.923076923076934,58.03277196176605,51.30769230769231,57.926263086026395,49.76923076923076,59.04779244424214,49.0,59.0,44.15384615384615,63.84615384615385,46.97269003186164,60.35730541647701
per_huruf_hybrid_skeleton_forced_loop_no_sig,4,2410,2410,2410,178,185,2410,4,0,1,3,1,4,44.0,line3_huruf_004_bezier_output.csv,line3_huruf_004_curve_fitting_distance.csv,0.053722485543361835,0.004567222588381058,0.5137267706262965,2.8285783042721295,70.0769230769231,66.96722803823397,71.6923076923077,67.0,73.23076923076923,66.99999999999999,74.0,67.0,78.89121529358215,71.84615384615385,76.43013199817933,67.31178880291307
per_huruf_hybrid_skeleton_forced_loop_no_sig,5,5390,5390,5390,396,414,5390,6,0,2,4,1,5,100.0,line3_huruf_005_bezier_output.csv,line3_huruf_005_curve_fitting_distance.csv,0.05062516493582987,0.004173216627709859,1.0149113006128716,5.381767245918542,161.04415111515704,74.9203459262631,162.69230769230768,73.96722803823394,164.23076923076923,74.0,165.0,74.0,171.84615384615387,77.01001365498408,167.3846153846154,74.31178880291309
per_huruf_hybrid_skeleton_forced_loop_no_sig,6,14,14,14,2,1,14,1,0,0,1,0,6,114.0,line3_huruf_006_bezier_output.csv,line3_huruf_006_curve_fitting_distance.csv,0.0,0.0,0.0,0.639196207299271,,,,,,,,,,,,
per_huruf_hybrid_skeleton_forced_loop_no_sig,7,14,14,14,2,1,14,1,0,0,1,0,7,190.0,line3_huruf_007_bezier_output.csv,line3_huruf_007_curve_fitting_distance.csv,0.0,0.0,0.0,0.4519799726900544,,,,,,,,,,,,
per_huruf_hybrid_skeleton_forced_loop_no_sig,8,2484,2484,2484,178,191,2484,1,0,0,1,0,8,231.0,line3_huruf_008_bezier_output.csv,line3_huruf_008_curve_fitting_distance.csv,0.1525952283112647,0.011437495920885133,4.144784059199327,4.810929323706686,234.07692307692312,69.99726900318618,235.69230769230768,70.73327264451524,237.2307692307692,70.99999999999999,238.0,71.0,244.84615384615384,71.0,240.3846153846154,71.0
per_huruf_hybrid_skeleton_forced_loop_no_sig,9,1496,1496,1496,109,115,1496,1,0,0,1,0,9,287.0,line3_huruf_009_bezier_output.csv,line3_huruf_009_curve_fitting_distance.csv,0.0,0.0,0.0,3.9734356041319594,286.9972690031862,94.07692307692308,287.73327264451524,95.6923076923077,288.18297678652704,97.23076923076921,289.0,98.0,291.89121529358215,104.84615384615384,289.357305416477,100.38461538461539
per_huruf_hybrid_skeleton_forced_loop_no_sig,10,14,14,14,2,1,14,1,0,0,1,0,10,333.0,line3_huruf_010_bezier_output.csv,line3_huruf_010_curve_fitting_distance.csv,0.0,0.0,0.0,0.639196207299301,,,,,,,,,,,,
per_huruf_hybrid_skeleton_forced_loop_no_sig,11,1795,1795,1795,130,138,1795,1,0,0,1,0,11,356.0,line3_huruf_011_bezier_output.csv,line3_huruf_011_curve_fitting_distance.csv,0.0,0.0,0.0,4.038001260906761,357.0027309968139,69.07692307692308,356.26672735548476,70.6923076923077,355.99999999999994,72.23076923076923,356.0,73.0,357.83614019116976,79.84615384615384,356.0,75.3846153846154
per_huruf_hybrid_skeleton_forced_loop_no_sig,12,1316,1316,1316,100,101,1316,2,0,1,1,1,12,395.0,line3_huruf_012_bezier_output.csv,line3_huruf_012_curve_fitting_distance.csv,0.07394396269701124,0.009865187134341282,0.546770961933699,4.510028349037703,434.0441511151571,65.92307692307693,435.6923076923077,64.2339553937187,437.2307692307691,63.99999999999999,438.0,64.0,444.0100136549841,65.84615384615384,440.3846153846155,62.927173418297684
per_huruf_hybrid_skeleton_forced_loop_no_sig,13,131,131,131,11,10,131,1,0,0,1,0,13,403.0,line3_huruf_013_bezier_output.csv,line3_huruf_013_curve_fitting_distance.csv,0.0,0.0,0.0,0.6459904389325054,406.0769230769231,87.96722803823396,407.6923076923077,88.0,409.23076923076917,87.99999999999999,410.0,88.0,,,412.4301319981794,86.92717341829768
per_huruf_hybrid_skeleton_forced_loop_no_sig,14,300,300,300,21,23,300,1,0,0,1,0,14,456.0,line3_huruf_014_bezier_output.csv,line3_huruf_014_curve_fitting_distance.csv,0.0,0.0,0.0,2.156926326466226,459.07692307692315,76.95584888484298,460.6923076923077,75.3076923076923,462.25125170687295,73.76923076923077,463.0,73.0,463.0550751024124,68.17387346381429,464.0728265817024,70.61538461538463
per_huruf_hybrid_skeleton_forced_loop_no_sig,15,1018,1018,1018,78,78,1018,3,0,1,2,1,15,479.0,line3_huruf_015_bezier_output.csv,line3_huruf_015_curve_fitting_distance.csv,0.011749626696007735,0.0013303832467661803,0.010768190744651934,2.049552510043383,480.04415111515715,77.92307692307695,481.6923076923077,76.3076923076923,483.23076923076917,74.93172507965407,484.0,75.0,490.01001365498405,76.84615384615384,486.38461538461536,75.00000000000001
per_huruf_hybrid_skeleton_forced_loop_no_sig,16,966,966,966,77,74,966,3,0,1,2,1,16,507.0,line3_huruf_016_bezier_output.csv,line3_huruf_016_curve_fitting_distance.csv,0.011825676853670057,0.0013476609512696372,0.010768190744651934,0.7063231076410111,520.0769230769232,65.92307692307693,521.6923076923076,64.2339553937187,523.2307692307692,63.99999999999999,524.0,64.0,528.0,69.84615384615385,526.4301319981794,65.38461538461539
per_huruf_hybrid_skeleton_forced_loop_no_sig,17,612,612,612,46,47,612,1,0,0,1,0,17,543.0,line3_huruf_017_bezier_output.csv,line3_huruf_017_curve_fitting_distance.csv,0.0,0.0,0.0,0.8967314665165275,544.0,44.07692307692308,543.9262630860264,45.69230769230769,545.0682749203459,47.230769230769226,545.0,48.0,546.0,54.846153846153854,545.0000000000001,50.38461538461539
per_huruf_hybrid_skeleton_forced_loop_no_sig,18,223,223,223,19,17,223,1,0,1,0,1,18,558.0,line3_huruf_018_bezier_output.csv,line3_huruf_018_curve_fitting_distance.csv,0.13576574180355683,0.038078383331498385,0.35021439630193113,0.6944522700214013,561.0769230769232,90.04688211197089,562.6923076923076,90.95903504779244,564.251251706873,92.23076923076921,565.0,93.0,560.1538461538462,95.16385980883022,564.688211197087,95.43013199817935
per_huruf_hybrid_skeleton_forced_loop_no_sig,19,924,924,924,67,71,924,1,0,0,1,0,19,563.0,line3_huruf_019_bezier_output.csv,line3_huruf_019_curve_fitting_distance.csv,0.0,0.0,0.0,4.514805771060532,566.0769230769232,75.00273099681385,567.6923076923076,74.26672735548476,569.2307692307692,73.81702321347291,570.0,73.0,576.8461538461538,73.0,572.3846153846155,72.28447883477469
per_huruf_hybrid_skeleton_forced_loop_no_sig,20,560,560,560,38,43,560,1,0,0,1,0,20,595.0,line3_huruf_020_bezier_output.csv,line3_huruf_020_curve_fitting_distance.csv,0.0,0.0,0.0,0.6944659930832767,598.0769230769232,28.95584888484297,599.6923076923076,27.307692307692307,601.2307692307692,25.769230769230766,602.0,25.0,608.8461538461538,20.163859808830225,604.3846153846155,22.97269003186163
