label,huruf,point_index,t,bezier_xx_x,bezier_xx_y,xx_sc_x,xx_sc_y,is_sample_output_bezier_py
per_huruf_hybrid_skeleton_forced_loop_no_sig,3,0,0.0,56.0,58.0,56.0,58.0,0
per_huruf_hybrid_skeleton_forced_loop_no_sig,3,1,0.002197802197802198,55.95584888484298,57.953117888029134,55.95584888484298,57.953117888029134,0
per_huruf_hybrid_skeleton_forced_loop_no_sig,3,2,0.004395604395604396,55.90122894856623,57.891215293582164,55.90122894856623,57.891215293582164,0
per_huruf_hybrid_skeleton_forced_loop_no_sig,3,3,0.006593406593406593,55.83750568957669,57.81702321347291,55.83750568957669,57.81702321347291,0
per_huruf_hybrid_skeleton_forced_loop_no_sig,3,4,0.008791208791208791,55.7660446062813,57.733272644515246,55.7660446062813,57.733272644515246,0
per_huruf_hybrid_skeleton_forced_loop_no_sig,3,5,0.010989010989010988,55.68821119708694,57.64269458352299,55.68821119708694,57.64269458352299,0
per_huruf_hybrid_skeleton_forced_loop_no_sig,3,6,0.013186813186813187,55.605370960400556,57.54802002730998,55.605370960400556,57.54802002730998,0
per_huruf_hybrid_skeleton_forced_loop_no_sig,3,7,0.015384615384615385,55.51888939462904,57.45197997269003,55.51888939462904,57.45197997269003,0
per_huruf_hybrid_skeleton_forced_loop_no_sig,3,8,0.017582417582417582,55.43013199817934,57.35730541647702,55.43013199817934,57.35730541647702,0
per_huruf_hybrid_skeleton_forced_loop_no_sig,3,9,0.01978021978021978,55.34046426945835,57.266727355484754,55.34046426945835,57.266727355484754,0
per_huruf_hybrid_skeleton_forced_loop_no_sig,3,10,0.021978021978021976,55.251251706873006,57.18297678652708,55.251251706873006,57.18297678652708,0
per_huruf_hybrid_skeleton_forced_loop_no_sig,3,11,0.024175824175824177,55.163859808830225,57.108784706417836,55.163859808830225,57.108784706417836,0
per_huruf_hybrid_skeleton_forced_loop_no_sig,3,12,0.026373626373626374,55.07965407373691,57.046882111970866,55.07965407373691,57.046882111970866,0
per_huruf_hybrid_skeleton_forced_loop_no_sig,3,13,0.02857142857142857,55.0,57.0,55.0,57.0,0
per_huruf_hybrid_skeleton_forced_loop_no_sig,3,14,0.03076923076923077,54.92307692307693,56.964497041420124,54.92307692307693,56.964497041420124,0
per_huruf_hybrid_skeleton_forced_loop_no_sig,3,15,0.03296703296703297,54.84615384615385,56.934911242603555,54.84615384615385,56.934911242603555,0
per_huruf_hybrid_skeleton_forced_loop_no_sig,3,16,0.035164835164835165,54.76923076923077,56.911242603550285,54.76923076923077,56.911242603550285,0
per_huruf_hybrid_skeleton_forced_loop_no_sig,3,17,0.03736263736263736,54.692307692307686,56.89349112426036,54.692307692307686,56.89349112426036,0
per_huruf_hybrid_skeleton_forced_loop_no_sig,3,18,0.03956043956043956,54.61538461538462,56.88165680473374,54.61538461538462,56.88165680473374,0
per_huruf_hybrid_skeleton_forced_loop_no_sig,3,19,0.041758241758241756,54.53846153846154,56.87573964497042,54.53846153846154,56.87573964497042,0
per_huruf_hybrid_skeleton_forced_loop_no_sig,3,20,0.04395604395604395,54.46153846153846,56.875739644970416,54.46153846153846,56.875739644970416,0
per_huruf_hybrid_skeleton_forced_loop_no_sig,3,21,0.046153846153846156,54.38461538461539,56.88165680473373,54.38461538461539,56.88165680473373,0
per_huruf_hybrid_skeleton_forced_loop_no_sig,3,22,0.04835164835164835,54.30769230769231,56.89349112426036,54.30769230769231,56.89349112426036,0
per_huruf_hybrid_skeleton_forced_loop_no_sig,3,23,0.05054945054945055,54.230769230769226,56.91124260355029,54.230769230769226,56.91124260355029,0
per_huruf_hybrid_skeleton_forced_loop_no_sig,3,24,0.05274725274725275,54.15384615384616,56.93491124260355,54.15384615384616,56.93491124260355,0
per_huruf_hybrid_skeleton_forced_loop_no_sig,3,25,0.054945054945054944,54.07692307692307,56.96449704142012,54.07692307692307,56.96449704142012,0
per_huruf_hybrid_skeleton_forced_loop_no_sig,3,26,0.05714285714285714,54.0,57.0,54.0,57.0,0
per_huruf_hybrid_skeleton_forced_loop_no_sig,3,27,0.05934065934065934,53.923076923076934,57.04688211197088,53.923076923076934,57.04688211197088,0
per_huruf_hybrid_skeleton_forced_loop_no_sig,3,28,0.06153846153846154,53.84615384615385,57.10878470641785,53.84615384615385,57.10878470641785,0
per_huruf_hybrid_skeleton_forced_loop_no_sig,3,29,0.06373626373626373,53.76923076923076,57.18297678652708,53.76923076923076,57.18297678652708,0
per_huruf_hybrid_skeleton_forced_loop_no_sig,3,30,0.06593406593406594,53.69230769230768,57.26672735548475,53.69230769230768,57.26672735548475,0
per_huruf_hybrid_skeleton_forced_loop_no_sig,3,31,0.06813186813186813,53.61538461538461,57.357305416477026,53.61538461538461,57.357305416477026,0
per_huruf_hybrid_skeleton_forced_loop_no_sig,3,32,0.07032967032967033,53.53846153846154,57.45197997269004,53.53846153846154,57.45197997269004,0
per_huruf_hybrid_skeleton_forced_loop_no_sig,3,33,0.07252747252747253,53.46153846153845,57.548020027309974,53.46153846153845,57.548020027309974,0
per_huruf_hybrid_skeleton_forced_loop_no_sig,3,34,0.07472527472527472,53.38461538461539,57.642694583522996,53.38461538461539,57.642694583522996,0
per_huruf_hybrid_skeleton_forced_loop_no_sig,3,35,0.07692307692307693,53.30769230769231,57.733272644515246,53.30769230769231,57.733272644515246,0
per_huruf_hybrid_skeleton_forced_loop_no_sig,3,36,0.07912087912087912,53.230769230769226,57.81702321347291,53.230769230769226,57.81702321347291,0
per_huruf_hybrid_skeleton_forced_loop_no_sig,3,37,0.08131868131868132,53.15384615384616,57.89121529358216,53.15384615384616,57.89121529358216,0
per_huruf_hybrid_skeleton_forced_loop_no_sig,3,38,0.08351648351648351,53.07692307692307,57.95311788802913,53.07692307692307,57.95311788802913,0
per_huruf_hybrid_skeleton_forced_loop_no_sig,3,39,0.08571428571428572,53.0,58.0,53.0,58.0,0
per_huruf_hybrid_skeleton_forced_loop_no_sig,3,40,0.0879120879120879,52.923076923076934,58.03277196176605,52.923076923076934,58.03277196176605,1
per_huruf_hybrid_skeleton_forced_loop_no_sig,3,41,0.09010989010989011,52.846153846153854,58.055075102412395,52.846153846153854,58.055075102412395,0
per_huruf_hybrid_skeleton_forced_loop_no_sig,3,42,0.09230769230769231,52.76923076923076,58.06827492034593,52.76923076923076,58.06827492034593,0
per_huruf_hybrid_skeleton_forced_loop_no_sig,3,43,0.0945054945054945,52.692307692307686,58.0737369139736,52.692307692307686,58.0737369139736,0
per_huruf_hybrid_skeleton_forced_loop_no_sig,3,44,0.0967032967032967,52.61538461538462,58.07282658170233,52.61538461538462,58.07282658170233,0
per_huruf_hybrid_skeleton_forced_loop_no_sig,3,45,0.0989010989010989,52.53846153846154,58.06690942193901,52.53846153846154,58.06690942193901,0
per_huruf_hybrid_skeleton_forced_loop_no_sig,3,46,0.1010989010989011,52.46153846153846,58.057350933090575,52.46153846153846,58.057350933090575,0
per_huruf_hybrid_skeleton_forced_loop_no_sig,3,47,0.10329670329670329,52.38461538461539,58.04551661356395,52.38461538461539,58.04551661356395,0
per_huruf_hybrid_skeleton_forced_loop_no_sig,3,48,0.1054945054945055,52.30769230769231,58.032771961766045,52.30769230769231,58.032771961766045,0
per_huruf_hybrid_skeleton_forced_loop_no_sig,3,49,0.1076923076923077,52.230769230769226,58.02048247610377,52.230769230769226,58.02048247610377,0
per_huruf_hybrid_skeleton_forced_loop_no_sig,3,50,0.10989010989010989,52.15384615384616,58.010013654984064,52.15384615384616,58.010013654984064,0
per_huruf_hybrid_skeleton_forced_loop_no_sig,3,51,0.11208791208791209,52.07692307692307,58.00273099681383,52.07692307692307,58.00273099681383,0
per_huruf_hybrid_skeleton_forced_loop_no_sig,3,52,0.11428571428571428,52.0,58.0,52.0,58.0,0
per_huruf_hybrid_skeleton_forced_loop_no_sig,3,53,0.11648351648351649,51.923076923076934,57.99726900318617,51.923076923076934,57.99726900318617,0
per_huruf_hybrid_skeleton_forced_loop_no_sig,3,54,0.11868131868131868,51.84615384615384,57.989986345015936,51.84615384615384,57.989986345015936,0
per_huruf_hybrid_skeleton_forced_loop_no_sig,3,55,0.12087912087912088,51.76923076923077,57.97951752389622,51.76923076923077,57.97951752389622,0
per_huruf_hybrid_skeleton_forced_loop_no_sig,3,56,0.12307692307692308,51.69230769230768,57.96722803823395,51.69230769230768,57.96722803823395,0
per_huruf_hybrid_skeleton_forced_loop_no_sig,3,57,0.12527472527472527,51.61538461538462,57.95448338643606,51.61538461538462,57.95448338643606,0
per_huruf_hybrid_skeleton_forced_loop_no_sig,3,58,0.12747252747252746,51.53846153846155,57.94264906690943,51.53846153846155,57.94264906690943,0
per_huruf_hybrid_skeleton_forced_loop_no_sig,3,59,0.12967032967032968,51.46153846153846,57.933090578061,51.46153846153846,57.933090578061,0
per_huruf_hybrid_skeleton_forced_loop_no_sig,3,60,0.13186813186813187,51.38461538461539,57.927173418297684,51.38461538461539,57.927173418297684,0
per_huruf_hybrid_skeleton_forced_loop_no_sig,3,61,0.13406593406593406,51.30769230769231,57.926263086026395,51.30769230769231,57.926263086026395,1
per_huruf_hybrid_skeleton_forced_loop_no_sig,3,62,0.13626373626373625,51.230769230769226,57.931725079654065,51.230769230769226,57.931725079654065,0
per_huruf_hybrid_skeleton_forced_loop_no_sig,3,63,0.13846153846153847,51.15384615384616,57.94492489758762,51.15384615384616,57.94492489758762,0
per_huruf_hybrid_skeleton_forced_loop_no_sig,3,64,0.14065934065934066,51.07692307692307,57.967228038233955,51.07692307692307,57.967228038233955,0
per_huruf_hybrid_skeleton_forced_loop_no_sig,3,65,0.14285714285714285,51.0,58.0,51.0,58.0,0
per_huruf_hybrid_skeleton_forced_loop_no_sig,3,66,0.14505494505494507,50.92307692307693,58.04688211197087,50.92307692307693,58.04688211197087,0
per_huruf_hybrid_skeleton_forced_loop_no_sig,3,67,0.14725274725274726,50.84615384615385,58.10878470641785,50.84615384615385,58.10878470641785,0
per_huruf_hybrid_skeleton_forced_loop_no_sig,3,68,0.14945054945054945,50.76923076923076,58.18297678652708,50.76923076923076,58.18297678652708,0
per_huruf_hybrid_skeleton_forced_loop_no_sig,3,69,0.15164835164835164,50.692307692307686,58.266727355484754,50.692307692307686,58.266727355484754,0
per_huruf_hybrid_skeleton_forced_loop_no_sig,3,70,0.15384615384615385,50.61538461538462,58.357305416477026,50.61538461538462,58.357305416477026,0
per_huruf_hybrid_skeleton_forced_loop_no_sig,3,71,0.15604395604395604,50.53846153846155,58.45197997269004,50.53846153846155,58.45197997269004,0
per_huruf_hybrid_skeleton_forced_loop_no_sig,3,72,0.15824175824175823,50.46153846153846,58.54802002730997,50.46153846153846,58.54802002730997,0
per_huruf_hybrid_skeleton_forced_loop_no_sig,3,73,0.16043956043956045,50.38461538461539,58.64269458352298,50.38461538461539,58.64269458352298,0
per_huruf_hybrid_skeleton_forced_loop_no_sig,3,74,0.16263736263736264,50.30769230769231,58.73327264451524,50.30769230769231,58.73327264451524,0
per_huruf_hybrid_skeleton_forced_loop_no_sig,3,75,0.16483516483516483,50.230769230769226,58.81702321347291,50.230769230769226,58.81702321347291,0
per_huruf_hybrid_skeleton_forced_loop_no_sig,3,76,0.16703296703296702,50.15384615384616,58.891215293582164,50.15384615384616,58.891215293582164,0
per_huruf_hybrid_skeleton_forced_loop_no_sig,3,77,0.16923076923076924,50.07692307692307,58.95311788802913,50.07692307692307,58.95311788802913,0
per_huruf_hybrid_skeleton_forced_loop_no_sig,3,78,0.17142857142857143,50.0,59.0,50.0,59.0,0
per_huruf_hybrid_skeleton_forced_loop_no_sig,3,79,0.17362637362637362,49.92307692307693,59.030040964952214,49.92307692307693,59.030040964952214,0
per_huruf_hybrid_skeleton_forced_loop_no_sig,3,80,0.1758241758241758,49.846153846153854,59.04506144742831,49.846153846153854,59.04506144742831,0
per_huruf_hybrid_skeleton_forced_loop_no_sig,3,81,0.17802197802197803,49.76923076923076,59.04779244424214,49.76923076923076,59.04779244424214,1
per_huruf_hybrid_skeleton_forced_loop_no_sig,3,82,0.18021978021978022,49.692307692307686,59.04096495220755,49.692307692307686,59.04096495220755,0
per_huruf_hybrid_skeleton_forced_loop_no_sig,3,83,0.1824175824175824,49.61538461538462,59.027309968138375,49.61538461538462,59.027309968138375,0
per_huruf_hybrid_skeleton_forced_loop_no_sig,3,84,0.18461538461538463,49.53846153846155,59.00955848884844,49.53846153846155,59.00955848884844,0
per_huruf_hybrid_skeleton_forced_loop_no_sig,3,85,0.18681318681318682,49.46153846153846,58.99044151115157,49.46153846153846,58.99044151115157,0
per_huruf_hybrid_skeleton_forced_loop_no_sig,3,86,0.189010989010989,49.38461538461538,58.97269003186163,49.38461538461538,58.97269003186163,0
per_huruf_hybrid_skeleton_forced_loop_no_sig,3,87,0.1912087912087912,49.30769230769231,58.95903504779244,49.30769230769231,58.95903504779244,0
per_huruf_hybrid_skeleton_forced_loop_no_sig,3,88,0.1934065934065934,49.230769230769226,58.952207555757845,49.230769230769226,58.952207555757845,0
per_huruf_hybrid_skeleton_forced_loop_no_sig,3,89,0.1956043956043956,49.15384615384615,58.95493855257169,49.15384615384615,58.95493855257169,0
per_huruf_hybrid_skeleton_forced_loop_no_sig,3,90,0.1978021978021978,49.07692307692307,58.96995903504779,49.07692307692307,58.96995903504779,0
per_huruf_hybrid_skeleton_forced_loop_no_sig,3,91,0.2,49.0,59.0,49.0,59.0,1
per_huruf_hybrid_skeleton_forced_loop_no_sig,3,92,0.2021978021978022,48.923076923076934,59.04688211197087,48.923076923076934,59.04688211197087,0
per_huruf_hybrid_skeleton_forced_loop_no_sig,3,93,0.2043956043956044,48.84615384615385,59.10878470641784,48.84615384615385,59.10878470641784,0
per_huruf_hybrid_skeleton_forced_loop_no_sig,3,94,0.20659340659340658,48.76923076923077,59.18297678652708,48.76923076923077,59.18297678652708,0
per_huruf_hybrid_skeleton_forced_loop_no_sig,3,95,0.2087912087912088,48.692307692307686,59.26672735548475,48.692307692307686,59.26672735548475,0
per_huruf_hybrid_skeleton_forced_loop_no_sig,3,96,0.210989010989011,48.61538461538462,59.35730541647701,48.61538461538462,59.35730541647701,0
per_huruf_hybrid_skeleton_forced_loop_no_sig,3,97,0.21318681318681318,48.53846153846154,59.45197997269004,48.53846153846154,59.45197997269004,0
per_huruf_hybrid_skeleton_forced_loop_no_sig,3,98,0.2153846153846154,48.46153846153847,59.54802002730997,48.46153846153847,59.54802002730997,0
per_huruf_hybrid_skeleton_forced_loop_no_sig,3,99,0.2175824175824176,48.38461538461539,59.64269458352299,48.38461538461539,59.64269458352299,0
per_huruf_hybrid_skeleton_forced_loop_no_sig,3,100,0.21978021978021978,48.30769230769231,59.733272644515246,48.30769230769231,59.733272644515246,0
per_huruf_hybrid_skeleton_forced_loop_no_sig,3,101,0.22197802197802197,48.230769230769226,59.81702321347291,48.230769230769226,59.81702321347291,0
per_huruf_hybrid_skeleton_forced_loop_no_sig,3,102,0.22417582417582418,48.15384615384615,59.89121529358216,48.15384615384615,59.89121529358216,0
per_huruf_hybrid_skeleton_forced_loop_no_sig,3,103,0.22637362637362637,48.07692307692307,59.95311788802913,48.07692307692307,59.95311788802913,0
per_huruf_hybrid_skeleton_forced_loop_no_sig,3,104,0.22857142857142856,48.0,60.0,48.0,60.0,0
per_huruf_hybrid_skeleton_forced_loop_no_sig,3,105,0.23076923076923078,47.92034592626309,60.030040964952214,47.92034592626309,60.030040964952214,0
per_huruf_hybrid_skeleton_forced_loop_no_sig,3,106,0.23296703296703297,47.83614019116978,60.04506144742831,47.83614019116978,60.04506144742831,0
per_huruf_hybrid_skeleton_forced_loop_no_sig,3,107,0.23516483516483516,47.74874829312699,60.04779244424214,47.74874829312699,60.04779244424214,0
per_huruf_hybrid_skeleton_forced_loop_no_sig,3,108,0.23736263736263735,47.65953573054164,60.04096495220755,47.65953573054164,60.04096495220755,0
per_huruf_hybrid_skeleton_forced_loop_no_sig,3,109,0.23956043956043957,47.56986800182067,60.027309968138375,47.56986800182067,60.027309968138375,0
per_huruf_hybrid_skeleton_forced_loop_no_sig,3,110,0.24175824175824176,47.48111060537096,60.00955848884843,47.48111060537096,60.00955848884843,0
per_huruf_hybrid_skeleton_forced_loop_no_sig,3,111,0.24395604395604395,47.39462903959946,59.990441511151566,47.39462903959946,59.990441511151566,0
per_huruf_hybrid_skeleton_forced_loop_no_sig,3,112,0.24615384615384617,47.311788802913064,59.97269003186164,47.311788802913064,59.97269003186164,0
per_huruf_hybrid_skeleton_forced_loop_no_sig,3,113,0.24835164835164836,47.2339553937187,59.95903504779245,47.2339553937187,59.95903504779245,0
per_huruf_hybrid_skeleton_forced_loop_no_sig,3,114,0.25054945054945055,47.1624943104233,59.952207555757845,47.1624943104233,59.952207555757845,0
per_huruf_hybrid_skeleton_forced_loop_no_sig,3,115,0.25274725274725274,47.09877105143377,59.95493855257169,47.09877105143377,59.95493855257169,0
per_huruf_hybrid_skeleton_forced_loop_no_sig,3,116,0.2549450549450549,47.04415111515703,59.96995903504779,47.04415111515703,59.96995903504779,0
per_huruf_hybrid_skeleton_forced_loop_no_sig,3,117,0.2571428571428571,47.0,60.0,47.0,60.0,0
per_huruf_hybrid_skeleton_forced_loop_no_sig,3,118,0.25934065934065936,46.96995903504779,60.04688211197088,46.96995903504779,60.04688211197088,0
per_huruf_hybrid_skeleton_forced_loop_no_sig,3,119,0.26153846153846155,46.9549385525717,60.10878470641784,46.9549385525717,60.10878470641784,0
per_huruf_hybrid_skeleton_forced_loop_no_sig,3,120,0.26373626373626374,46.952207555757845,60.18297678652707,46.952207555757845,60.18297678652707,0
per_huruf_hybrid_skeleton_forced_loop_no_sig,3,121,0.26593406593406593,46.95903504779244,60.266727355484754,46.95903504779244,60.266727355484754,0
per_huruf_hybrid_skeleton_forced_loop_no_sig,3,122,0.2681318681318681,46.97269003186164,60.35730541647701,46.97269003186164,60.35730541647701,1
per_huruf_hybrid_skeleton_forced_loop_no_sig,3,123,0.2703296703296703,46.99044151115157,60.45197997269003,46.99044151115157,60.45197997269003,0
per_huruf_hybrid_skeleton_forced_loop_no_sig,3,124,0.2725274725274725,47.009558488848434,60.548020027309974,47.009558488848434,60.548020027309974,0
per_huruf_hybrid_skeleton_forced_loop_no_sig,3,125,0.27472527472527475,47.027309968138375,60.64269458352299,47.027309968138375,60.64269458352299,0
per_huruf_hybrid_skeleton_forced_loop_no_sig,3,126,0.27692307692307694,47.04096495220755,60.733272644515246,47.04096495220755,60.733272644515246,0
per_huruf_hybrid_skeleton_forced_loop_no_sig,3,127,0.27912087912087913,47.04779244424215,60.817023213472915,47.04779244424215,60.817023213472915,0
per_huruf_hybrid_skeleton_forced_loop_no_sig,3,128,0.2813186813186813,47.04506144742831,60.89121529358216,47.04506144742831,60.89121529358216,0
per_huruf_hybrid_skeleton_forced_loop_no_sig,3,129,0.2835164835164835,47.03004096495221,60.95311788802913,47.03004096495221,60.95311788802913,0
per_huruf_hybrid_skeleton_forced_loop_no_sig,3,130,0.2857142857142857,47.0,61.0,47.0,61.0,0
per_huruf_hybrid_skeleton_forced_loop_no_sig,3,131,0.2879120879120879,46.953117888029134,61.03004096495222,46.953117888029134,61.03004096495222,0
per_huruf_hybrid_skeleton_forced_loop_no_sig,3,132,0.29010989010989013,46.89121529358216,61.04506144742831,46.89121529358216,61.04506144742831,0
per_huruf_hybrid_skeleton_forced_loop_no_sig,3,133,0.2923076923076923,46.81702321347291,61.047792444242134,46.81702321347291,61.047792444242134,0
per_huruf_hybrid_skeleton_forced_loop_no_sig,3,134,0.2945054945054945,46.733272644515246,61.04096495220755,46.733272644515246,61.04096495220755,0
per_huruf_hybrid_skeleton_forced_loop_no_sig,3,135,0.2967032967032967,46.642694583522996,61.027309968138375,46.642694583522996,61.027309968138375,0
per_huruf_hybrid_skeleton_forced_loop_no_sig,3,136,0.2989010989010989,46.54802002730997,61.009558488848434,46.54802002730997,61.009558488848434,0
per_huruf_hybrid_skeleton_forced_loop_no_sig,3,137,0.3010989010989011,46.451979972690026,60.99044151115157,46.451979972690026,60.99044151115157,0
per_huruf_hybrid_skeleton_forced_loop_no_sig,3,138,0.3032967032967033,46.35730541647702,60.97269003186163,46.35730541647702,60.97269003186163,0
per_huruf_hybrid_skeleton_forced_loop_no_sig,3,139,0.3054945054945055,46.26672735548475,60.95903504779244,46.26672735548475,60.95903504779244,0
per_huruf_hybrid_skeleton_forced_loop_no_sig,3,140,0.3076923076923077,46.18297678652708,60.952207555757845,46.18297678652708,60.952207555757845,0
per_huruf_hybrid_skeleton_forced_loop_no_sig,3,141,0.3098901098901099,46.10878470641784,60.95493855257169,46.10878470641784,60.95493855257169,0
per_huruf_hybrid_skeleton_forced_loop_no_sig,3,142,0.3120879120879121,46.046882111970866,60.96995903504779,46.046882111970866,60.96995903504779,0
per_huruf_hybrid_skeleton_forced_loop_no_sig,3,143,0.3142857142857143,46.0,61.0,46.0,61.0,0
per_huruf_hybrid_skeleton_forced_loop_no_sig,3,144,0.31648351648351647,45.9699590350478,61.04415111515704,45.9699590350478,61.04415111515704,0
per_huruf_hybrid_skeleton_forced_loop_no_sig,3,145,0.31868131868131866,45.95493855257169,61.098771051433765,45.95493855257169,61.098771051433765,0
per_huruf_hybrid_skeleton_forced_loop_no_sig,3,146,0.3208791208791209,45.952207555757845,61.1624943104233,45.952207555757845,61.1624943104233,0
per_huruf_hybrid_skeleton_forced_loop_no_sig,3,147,0.3230769230769231,45.95903504779244,61.2339553937187,45.95903504779244,61.2339553937187,0
per_huruf_hybrid_skeleton_forced_loop_no_sig,3,148,0.3252747252747253,45.97269003186164,61.31178880291307,45.97269003186164,61.31178880291307,0
per_huruf_hybrid_skeleton_forced_loop_no_sig,3,149,0.3274725274725275,45.99044151115157,61.39462903959946,45.99044151115157,61.39462903959946,0
per_huruf_hybrid_skeleton_forced_loop_no_sig,3,150,0.32967032967032966,46.00955848884843,61.48111060537096,46.00955848884843,61.48111060537096,0
per_huruf_hybrid_skeleton_forced_loop_no_sig,3,151,0.33186813186813185,46.027309968138375,61.56986800182066,46.027309968138375,61.56986800182066,0
per_huruf_hybrid_skeleton_forced_loop_no_sig,3,152,0.33406593406593404,46.04096495220755,61.65953573054165,46.04096495220755,61.65953573054165,0
per_huruf_hybrid_skeleton_forced_loop_no_sig,3,153,0.3362637362637363,46.04779244424215,61.74874829312698,46.04779244424215,61.74874829312698,0
per_huruf_hybrid_skeleton_forced_loop_no_sig,3,154,0.3384615384615385,46.04506144742831,61.836140191169775,46.04506144742831,61.836140191169775,0
per_huruf_hybrid_skeleton_forced_loop_no_sig,3,155,0.34065934065934067,46.03004096495221,61.92034592626308,46.03004096495221,61.92034592626308,0
per_huruf_hybrid_skeleton_forced_loop_no_sig,3,156,0.34285714285714286,46.0,62.0,46.0,62.0,0
per_huruf_hybrid_skeleton_forced_loop_no_sig,3,157,0.34505494505494505,45.95584888484298,62.07692307692309,45.95584888484298,62.07692307692309,0
per_huruf_hybrid_skeleton_forced_loop_no_sig,3,158,0.34725274725274724,45.901228948566235,62.15384615384616,45.901228948566235,62.15384615384616,0
per_huruf_hybrid_skeleton_forced_loop_no_sig,3,159,0.34945054945054943,45.837505689576695,62.23076923076922,45.837505689576695,62.23076923076922,0
per_huruf_hybrid_skeleton_forced_loop_no_sig,3,160,0.3516483516483516,45.766044606281284,62.30769230769231,45.766044606281284,62.30769230769231,0
per_huruf_hybrid_skeleton_forced_loop_no_sig,3,161,0.35384615384615387,45.688211197086936,62.384615384615394,45.688211197086936,62.384615384615394,0
per_huruf_hybrid_skeleton_forced_loop_no_sig,3,162,0.35604395604395606,45.60537096040055,62.46153846153847,45.60537096040055,62.46153846153847,0
per_huruf_hybrid_skeleton_forced_loop_no_sig,3,163,0.35824175824175825,45.51888939462904,62.53846153846154,45.51888939462904,62.53846153846154,0
per_huruf_hybrid_skeleton_forced_loop_no_sig,3,164,0.36043956043956044,45.430131998179334,62.61538461538462,45.430131998179334,62.61538461538462,0
per_huruf_hybrid_skeleton_forced_loop_no_sig,3,165,0.3626373626373626,45.34046426945835,62.69230769230769,45.34046426945835,62.69230769230769,0
per_huruf_hybrid_skeleton_forced_loop_no_sig,3,166,0.3648351648351648,45.251251706873006,62.76923076923077,45.251251706873006,62.76923076923077,0
per_huruf_hybrid_skeleton_forced_loop_no_sig,3,167,0.367032967032967,45.163859808830225,62.84615384615385,45.163859808830225,62.84615384615385,0
per_huruf_hybrid_skeleton_forced_loop_no_sig,3,168,0.36923076923076925,45.07965407373691,62.92307692307692,45.07965407373691,62.92307692307692,0
per_huruf_hybrid_skeleton_forced_loop_no_sig,3,169,0.37142857142857144,45.0,63.0,45.0,63.0,0
per_huruf_hybrid_skeleton_forced_loop_no_sig,3,170,0.37362637362637363,44.92307692307693,63.07692307692309,44.92307692307693,63.07692307692309,0
per_huruf_hybrid_skeleton_forced_loop_no_sig,3,171,0.3758241758241758,44.84615384615385,63.15384615384615,44.84615384615385,63.15384615384615,0
per_huruf_hybrid_skeleton_forced_loop_no_sig,3,172,0.378021978021978,44.76923076923076,63.23076923076922,44.76923076923076,63.23076923076922,0
per_huruf_hybrid_skeleton_forced_loop_no_sig,3,173,0.3802197802197802,44.69230769230769,63.3076923076923,44.69230769230769,63.3076923076923,0
per_huruf_hybrid_skeleton_forced_loop_no_sig,3,174,0.3824175824175824,44.61538461538462,63.384615384615394,44.61538461538462,63.384615384615394,0
per_huruf_hybrid_skeleton_forced_loop_no_sig,3,175,0.38461538461538464,44.53846153846154,63.46153846153847,44.53846153846154,63.46153846153847,0
per_huruf_hybrid_skeleton_forced_loop_no_sig,3,176,0.3868131868131868,44.46153846153846,63.53846153846154,44.46153846153846,63.53846153846154,0
per_huruf_hybrid_skeleton_forced_loop_no_sig,3,177,0.389010989010989,44.38461538461539,63.61538461538462,44.38461538461539,63.61538461538462,0
per_huruf_hybrid_skeleton_forced_loop_no_sig,3,178,0.3912087912087912,44.30769230769231,63.69230769230769,44.30769230769231,63.69230769230769,0
per_huruf_hybrid_skeleton_forced_loop_no_sig,3,179,0.3934065934065934,44.230769230769226,63.76923076923076,44.230769230769226,63.76923076923076,0
per_huruf_hybrid_skeleton_forced_loop_no_sig,3,180,0.3956043956043956,44.15384615384615,63.84615384615385,44.15384615384615,63.84615384615385,1
per_huruf_hybrid_skeleton_forced_loop_no_sig,3,181,0.3978021978021978,44.07692307692307,63.92307692307692,44.07692307692307,63.92307692307692,0
per_huruf_hybrid_skeleton_forced_loop_no_sig,3,182,0.4,44.0,64.0,44.0,64.0,0
per_huruf_hybrid_skeleton_forced_loop_no_sig,3,183,0.4021978021978022,43.92034592626309,64.07692307692308,43.92034592626309,64.07692307692308,0
per_huruf_hybrid_skeleton_forced_loop_no_sig,3,184,0.4043956043956044,43.83614019116978,64.15384615384616,43.83614019116978,64.15384615384616,0
per_huruf_hybrid_skeleton_forced_loop_no_sig,3,185,0.4065934065934066,43.74874829312698,64.23076923076923,43.74874829312698,64.23076923076923,0
per_huruf_hybrid_skeleton_forced_loop_no_sig,3,186,0.4087912087912088,43.65953573054164,64.30769230769229,43.65953573054164,64.30769230769229,0
per_huruf_hybrid_skeleton_forced_loop_no_sig,3,187,0.41098901098901097,43.569868001820666,64.38461538461539,43.569868001820666,64.38461538461539,0
per_huruf_hybrid_skeleton_forced_loop_no_sig,3,188,0.41318681318681316,43.48111060537096,64.46153846153847,43.48111060537096,64.46153846153847,0
per_huruf_hybrid_skeleton_forced_loop_no_sig,3,189,0.4153846153846154,43.39462903959945,64.53846153846153,43.39462903959945,64.53846153846153,0
per_huruf_hybrid_skeleton_forced_loop_no_sig,3,190,0.4175824175824176,43.311788802913064,64.61538461538463,43.311788802913064,64.61538461538463,0
per_huruf_hybrid_skeleton_forced_loop_no_sig,3,191,0.4197802197802198,43.2339553937187,64.6923076923077,43.2339553937187,64.6923076923077,0
per_huruf_hybrid_skeleton_forced_loop_no_sig,3,192,0.421978021978022,43.1624943104233,64.76923076923077,43.1624943104233,64.76923076923077,0
per_huruf_hybrid_skeleton_forced_loop_no_sig,3,193,0.42417582417582417,43.09877105143377,64.84615384615385,43.09877105143377,64.84615384615385,0
per_huruf_hybrid_skeleton_forced_loop_no_sig,3,194,0.42637362637362636,43.04415111515703,64.92307692307692,43.04415111515703,64.92307692307692,0
per_huruf_hybrid_skeleton_forced_loop_no_sig,3,195,0.42857142857142855,43.0,65.0,43.0,65.0,0
per_huruf_hybrid_skeleton_forced_loop_no_sig,3,196,0.4307692307692308,42.96995903504779,65.07692307692308,42.96995903504779,65.07692307692308,0
per_huruf_hybrid_skeleton_forced_loop_no_sig,3,197,0.432967032967033,42.9549385525717,65.15384615384616,42.9549385525717,65.15384615384616,0
per_huruf_hybrid_skeleton_forced_loop_no_sig,3,198,0.4351648351648352,42.95220755575784,65.23076923076923,42.95220755575784,65.23076923076923,0
per_huruf_hybrid_skeleton_forced_loop_no_sig,3,199,0.43736263736263736,42.95903504779244,65.3076923076923,42.95903504779244,65.3076923076923,0
per_huruf_hybrid_skeleton_forced_loop_no_sig,3,200,0.43956043956043955,42.97269003186164,65.38461538461539,42.97269003186164,65.38461538461539,0
per_huruf_hybrid_skeleton_forced_loop_no_sig,3,201,0.44175824175824174,42.99044151115157,65.46153846153847,42.99044151115157,65.46153846153847,0
per_huruf_hybrid_skeleton_forced_loop_no_sig,3,202,0.44395604395604393,43.00955848884843,65.53846153846153,43.00955848884843,65.53846153846153,0
per_huruf_hybrid_skeleton_forced_loop_no_sig,3,203,0.4461538461538462,43.02730996813837,65.61538461538461,43.02730996813837,65.61538461538461,0
per_huruf_hybrid_skeleton_forced_loop_no_sig,3,204,0.44835164835164837,43.04096495220756,65.6923076923077,43.04096495220756,65.6923076923077,0
per_huruf_hybrid_skeleton_forced_loop_no_sig,3,205,0.45054945054945056,43.04779244424214,65.76923076923077,43.04779244424214,65.76923076923077,0
per_huruf_hybrid_skeleton_forced_loop_no_sig,3,206,0.45274725274725275,43.04506144742831,65.84615384615384,43.04506144742831,65.84615384615384,0
per_huruf_hybrid_skeleton_forced_loop_no_sig,3,207,0.45494505494505494,43.03004096495221,65.92307692307692,43.03004096495221,65.92307692307692,0
per_huruf_hybrid_skeleton_forced_loop_no_sig,3,208,0.45714285714285713,43.0,66.0,43.0,66.0,0
per_huruf_hybrid_skeleton_forced_loop_no_sig,3,209,0.4593406593406593,42.953117888029134,66.07692307692308,42.953117888029134,66.07692307692308,0
per_huruf_hybrid_skeleton_forced_loop_no_sig,3,210,0.46153846153846156,42.89121529358216,66.15384615384616,42.89121529358216,66.15384615384616,0
per_huruf_hybrid_skeleton_forced_loop_no_sig,3,211,0.46373626373626375,42.81702321347291,66.23076923076923,42.81702321347291,66.23076923076923,0
per_huruf_hybrid_skeleton_forced_loop_no_sig,3,212,0.46593406593406594,42.733272644515246,66.30769230769229,42.733272644515246,66.30769230769229,0
per_huruf_hybrid_skeleton_forced_loop_no_sig,3,213,0.46813186813186813,42.642694583522996,66.3846153846154,42.642694583522996,66.3846153846154,0
per_huruf_hybrid_skeleton_forced_loop_no_sig,3,214,0.4703296703296703,42.548020027309974,66.46153846153847,42.548020027309974,66.46153846153847,0
per_huruf_hybrid_skeleton_forced_loop_no_sig,3,215,0.4725274725274725,42.45197997269003,66.53846153846155,42.45197997269003,66.53846153846155,0
per_huruf_hybrid_skeleton_forced_loop_no_sig,3,216,0.4747252747252747,42.35730541647702,66.61538461538463,42.35730541647702,66.61538461538463,0
per_huruf_hybrid_skeleton_forced_loop_no_sig,3,217,0.47692307692307695,42.26672735548475,66.6923076923077,42.26672735548475,66.6923076923077,0
per_huruf_hybrid_skeleton_forced_loop_no_sig,3,218,0.47912087912087914,42.18297678652708,66.76923076923077,42.18297678652708,66.76923076923077,0
per_huruf_hybrid_skeleton_forced_loop_no_sig,3,219,0.48131868131868133,42.10878470641784,66.84615384615385,42.10878470641784,66.84615384615385,0
per_huruf_hybrid_skeleton_forced_loop_no_sig,3,220,0.4835164835164835,42.046882111970866,66.92307692307692,42.046882111970866,66.92307692307692,0
per_huruf_hybrid_skeleton_forced_loop_no_sig,3,221,0.4857142857142857,42.0,67.0,42.0,67.0,0
per_huruf_hybrid_skeleton_forced_loop_no_sig,3,222,0.4879120879120879,41.96995903504779,67.07965407373692,41.96995903504779,67.07965407373692,0
per_huruf_hybrid_skeleton_forced_loop_no_sig,3,223,0.4901098901098901,41.95493855257168,67.16385980883022,41.95493855257168,67.16385980883022,0
per_huruf_hybrid_skeleton_forced_loop_no_sig,3,224,0.49230769230769234,41.95220755575785,67.251251706873,41.95220755575785,67.251251706873,0
per_huruf_hybrid_skeleton_forced_loop_no_sig,3,225,0.4945054945054945,41.95903504779244,67.34046426945835,41.95903504779244,67.34046426945835,0
per_huruf_hybrid_skeleton_forced_loop_no_sig,3,226,0.4967032967032967,41.97269003186163,67.43013199817933,41.97269003186163,67.43013199817933,0
per_huruf_hybrid_skeleton_forced_loop_no_sig,3,227,0.4989010989010989,41.99044151115158,67.51888939462904,41.99044151115158,67.51888939462904,0
per_huruf_hybrid_skeleton_forced_loop_no_sig,3,228,0.5010989010989011,42.00955848884843,67.60537096040055,42.00955848884843,67.60537096040055,0
per_huruf_hybrid_skeleton_forced_loop_no_sig,3,229,0.5032967032967033,42.02730996813837,67.68821119708693,42.02730996813837,67.68821119708693,0
per_huruf_hybrid_skeleton_forced_loop_no_sig,3,230,0.5054945054945055,42.04096495220755,67.76604460628128,42.04096495220755,67.76604460628128,0
per_huruf_hybrid_skeleton_forced_loop_no_sig,3,231,0.5076923076923077,42.04779244424214,67.83750568957669,42.04779244424214,67.83750568957669,0
per_huruf_hybrid_skeleton_forced_loop_no_sig,3,232,0.5098901098901099,42.04506144742831,67.90122894856623,42.04506144742831,67.90122894856623,0
per_huruf_hybrid_skeleton_forced_loop_no_sig,3,233,0.512087912087912,42.03004096495221,67.95584888484296,42.03004096495221,67.95584888484296,0
per_huruf_hybrid_skeleton_forced_loop_no_sig,3,234,0.5142857142857142,42.0,68.0,42.0,68.0,0
per_huruf_hybrid_skeleton_forced_loop_no_sig,3,235,0.5164835164835165,41.953117888029134,68.0300409649522,41.953117888029134,68.0300409649522,0
per_huruf_hybrid_skeleton_forced_loop_no_sig,3,236,0.5186813186813187,41.89121529358216,68.04506144742831,41.89121529358216,68.04506144742831,0
per_huruf_hybrid_skeleton_forced_loop_no_sig,3,237,0.5208791208791209,41.81702321347292,68.04779244424215,41.81702321347292,68.04779244424215,0
per_huruf_hybrid_skeleton_forced_loop_no_sig,3,238,0.5230769230769231,41.73327264451524,68.04096495220756,41.73327264451524,68.04096495220756,0
per_huruf_hybrid_skeleton_forced_loop_no_sig,3,239,0.5252747252747253,41.64269458352299,68.02730996813838,41.64269458352299,68.02730996813838,0
per_huruf_hybrid_skeleton_forced_loop_no_sig,3,240,0.5274725274725275,41.548020027309974,68.00955848884844,41.548020027309974,68.00955848884844,0
per_huruf_hybrid_skeleton_forced_loop_no_sig,3,241,0.5296703296703297,41.45197997269003,67.99044151115157,41.45197997269003,67.99044151115157,0
per_huruf_hybrid_skeleton_forced_loop_no_sig,3,242,0.5318681318681319,41.35730541647702,67.97269003186163,41.35730541647702,67.97269003186163,0
per_huruf_hybrid_skeleton_forced_loop_no_sig,3,243,0.5340659340659341,41.26672735548475,67.95903504779244,41.26672735548475,67.95903504779244,0
per_huruf_hybrid_skeleton_forced_loop_no_sig,3,244,0.5362637362637362,41.18297678652708,67.95220755575784,41.18297678652708,67.95220755575784,0
per_huruf_hybrid_skeleton_forced_loop_no_sig,3,245,0.5384615384615384,41.10878470641784,67.95493855257169,41.10878470641784,67.95493855257169,0
per_huruf_hybrid_skeleton_forced_loop_no_sig,3,246,0.5406593406593406,41.046882111970866,67.9699590350478,41.046882111970866,67.9699590350478,0
per_huruf_hybrid_skeleton_forced_loop_no_sig,3,247,0.5428571428571428,41.0,68.0,41.0,68.0,0
per_huruf_hybrid_skeleton_forced_loop_no_sig,3,248,0.545054945054945,40.96722803823396,68.04415111515705,40.96722803823396,68.04415111515705,0
per_huruf_hybrid_skeleton_forced_loop_no_sig,3,249,0.5472527472527473,40.944924897587626,68.09877105143377,40.944924897587626,68.09877105143377,0
per_huruf_hybrid_skeleton_forced_loop_no_sig,3,250,0.5494505494505495,40.93172507965407,68.1624943104233,40.93172507965407,68.1624943104233,0
per_huruf_hybrid_skeleton_forced_loop_no_sig,3,251,0.5516483516483517,40.926263086026395,68.2339553937187,40.926263086026395,68.2339553937187,0
per_huruf_hybrid_skeleton_forced_loop_no_sig,3,252,0.5538461538461539,40.927173418297684,68.31178880291307,40.927173418297684,68.31178880291307,0
per_huruf_hybrid_skeleton_forced_loop_no_sig,3,253,0.5560439560439561,40.933090578061,68.39462903959947,40.933090578061,68.39462903959947,0
per_huruf_hybrid_skeleton_forced_loop_no_sig,3,254,0.5582417582417583,40.94264906690942,68.48111060537096,40.94264906690942,68.48111060537096,0
per_huruf_hybrid_skeleton_forced_loop_no_sig,3,255,0.5604395604395604,40.95448338643605,68.56986800182067,40.95448338643605,68.56986800182067,0
per_huruf_hybrid_skeleton_forced_loop_no_sig,3,256,0.5626373626373626,40.967228038233955,68.65953573054165,40.967228038233955,68.65953573054165,0
per_huruf_hybrid_skeleton_forced_loop_no_sig,3,257,0.5648351648351648,40.97951752389622,68.748748293127,40.97951752389622,68.748748293127,0
per_huruf_hybrid_skeleton_forced_loop_no_sig,3,258,0.567032967032967,40.989986345015936,68.83614019116979,40.989986345015936,68.83614019116979,0
per_huruf_hybrid_skeleton_forced_loop_no_sig,3,259,0.5692307692307692,40.99726900318616,68.92034592626308,40.99726900318616,68.92034592626308,0
per_huruf_hybrid_skeleton_forced_loop_no_sig,3,260,0.5714285714285714,41.0,69.0,41.0,69.0,0
per_huruf_hybrid_skeleton_forced_loop_no_sig,3,261,0.5736263736263736,41.002730996813845,69.07965407373692,41.002730996813845,69.07965407373692,0
per_huruf_hybrid_skeleton_forced_loop_no_sig,3,262,0.5758241758241758,41.01001365498407,69.16385980883022,41.01001365498407,69.16385980883022,0
per_huruf_hybrid_skeleton_forced_loop_no_sig,3,263,0.578021978021978,41.02048247610378,69.25125170687299,41.02048247610378,69.25125170687299,0
per_huruf_hybrid_skeleton_forced_loop_no_sig,3,264,0.5802197802197803,41.03277196176604,69.34046426945834,41.03277196176604,69.34046426945834,0
per_huruf_hybrid_skeleton_forced_loop_no_sig,3,265,0.5824175824175825,41.045516613563954,69.43013199817933,41.045516613563954,69.43013199817933,0
per_huruf_hybrid_skeleton_forced_loop_no_sig,3,266,0.5846153846153846,41.05735093309058,69.51888939462904,41.05735093309058,69.51888939462904,0
per_huruf_hybrid_skeleton_forced_loop_no_sig,3,267,0.5868131868131868,41.06690942193901,69.60537096040053,41.06690942193901,69.60537096040053,0
per_huruf_hybrid_skeleton_forced_loop_no_sig,3,268,0.589010989010989,41.07282658170232,69.68821119708693,41.07282658170232,69.68821119708693,0
per_huruf_hybrid_skeleton_forced_loop_no_sig,3,269,0.5912087912087912,41.0737369139736,69.7660446062813,41.0737369139736,69.7660446062813,0
per_huruf_hybrid_skeleton_forced_loop_no_sig,3,270,0.5934065934065934,41.068274920345914,69.83750568957669,41.068274920345914,69.83750568957669,0
per_huruf_hybrid_skeleton_forced_loop_no_sig,3,271,0.5956043956043956,41.05507510241238,69.90122894856623,41.05507510241238,69.90122894856623,0
per_huruf_hybrid_skeleton_forced_loop_no_sig,3,272,0.5978021978021978,41.03277196176604,69.95584888484296,41.03277196176604,69.95584888484296,0
per_huruf_hybrid_skeleton_forced_loop_no_sig,3,273,0.6,41.0,70.0,41.0,70.0,0
per_huruf_hybrid_skeleton_forced_loop_no_sig,3,274,0.6021978021978022,40.953117888029134,70.03004096495222,40.953117888029134,70.03004096495222,0
per_huruf_hybrid_skeleton_forced_loop_no_sig,3,275,0.6043956043956044,40.891215293582164,70.04506144742831,40.891215293582164,70.04506144742831,0
per_huruf_hybrid_skeleton_forced_loop_no_sig,3,276,0.6065934065934065,40.81702321347291,70.04779244424213,40.81702321347291,70.04779244424213,0
per_huruf_hybrid_skeleton_forced_loop_no_sig,3,277,0.6087912087912087,40.733272644515246,70.04096495220755,40.733272644515246,70.04096495220755,0
per_huruf_hybrid_skeleton_forced_loop_no_sig,3,278,0.610989010989011,40.64269458352299,70.02730996813837,40.64269458352299,70.02730996813837,0
per_huruf_hybrid_skeleton_forced_loop_no_sig,3,279,0.6131868131868132,40.548020027309974,70.00955848884844,40.548020027309974,70.00955848884844,0
per_huruf_hybrid_skeleton_forced_loop_no_sig,3,280,0.6153846153846154,40.451979972690026,69.99044151115157,40.451979972690026,69.99044151115157,0
per_huruf_hybrid_skeleton_forced_loop_no_sig,3,281,0.6175824175824176,40.35730541647702,69.97269003186163,40.35730541647702,69.97269003186163,0
per_huruf_hybrid_skeleton_forced_loop_no_sig,3,282,0.6197802197802198,40.26672735548475,69.95903504779244,40.26672735548475,69.95903504779244,0
per_huruf_hybrid_skeleton_forced_loop_no_sig,3,283,0.621978021978022,40.18297678652708,69.95220755575784,40.18297678652708,69.95220755575784,0
per_huruf_hybrid_skeleton_forced_loop_no_sig,3,284,0.6241758241758242,40.10878470641784,69.95493855257169,40.10878470641784,69.95493855257169,0
per_huruf_hybrid_skeleton_forced_loop_no_sig,3,285,0.6263736263736264,40.046882111970866,69.9699590350478,40.046882111970866,69.9699590350478,0
per_huruf_hybrid_skeleton_forced_loop_no_sig,3,286,0.6285714285714286,40.0,70.0,40.0,70.0,0
per_huruf_hybrid_skeleton_forced_loop_no_sig,3,287,0.6307692307692307,39.96722803823396,70.04415111515705,39.96722803823396,70.04415111515705,0
per_huruf_hybrid_skeleton_forced_loop_no_sig,3,288,0.6329670329670329,39.944924897587626,70.09877105143377,39.944924897587626,70.09877105143377,0
per_huruf_hybrid_skeleton_forced_loop_no_sig,3,289,0.6351648351648351,39.93172507965407,70.16249431042328,39.93172507965407,70.16249431042328,0
per_huruf_hybrid_skeleton_forced_loop_no_sig,3,290,0.6373626373626373,39.9262630860264,70.2339553937187,39.9262630860264,70.2339553937187,0
per_huruf_hybrid_skeleton_forced_loop_no_sig,3,291,0.6395604395604395,39.92717341829769,70.31178880291307,39.92717341829769,70.31178880291307,0
per_huruf_hybrid_skeleton_forced_loop_no_sig,3,292,0.6417582417582418,39.93309057806099,70.39462903959947,39.93309057806099,70.39462903959947,0
per_huruf_hybrid_skeleton_forced_loop_no_sig,3,293,0.643956043956044,39.942649066909425,70.48111060537097,39.942649066909425,70.48111060537097,0
per_huruf_hybrid_skeleton_forced_loop_no_sig,3,294,0.6461538461538462,39.95448338643605,70.56986800182067,39.95448338643605,70.56986800182067,0
per_huruf_hybrid_skeleton_forced_loop_no_sig,3,295,0.6483516483516484,39.967228038233955,70.65953573054165,39.967228038233955,70.65953573054165,0
per_huruf_hybrid_skeleton_forced_loop_no_sig,3,296,0.6505494505494506,39.97951752389622,70.748748293127,39.97951752389622,70.748748293127,0
per_huruf_hybrid_skeleton_forced_loop_no_sig,3,297,0.6527472527472528,39.989986345015936,70.83614019116979,39.989986345015936,70.83614019116979,0
per_huruf_hybrid_skeleton_forced_loop_no_sig,3,298,0.654945054945055,39.99726900318616,70.92034592626308,39.99726900318616,70.92034592626308,0
per_huruf_hybrid_skeleton_forced_loop_no_sig,3,299,0.6571428571428571,40.0,71.0,40.0,71.0,0
per_huruf_hybrid_skeleton_forced_loop_no_sig,3,300,0.6593406593406593,40.002730996813845,71.07965407373692,40.002730996813845,71.07965407373692,0
per_huruf_hybrid_skeleton_forced_loop_no_sig,3,301,0.6615384615384615,40.01001365498407,71.16385980883022,40.01001365498407,71.16385980883022,0
per_huruf_hybrid_skeleton_forced_loop_no_sig,3,302,0.6637362637362637,40.020482476103766,71.25125170687299,40.020482476103766,71.25125170687299,0
per_huruf_hybrid_skeleton_forced_loop_no_sig,3,303,0.6659340659340659,40.032771961766045,71.34046426945835,40.032771961766045,71.34046426945835,0
per_huruf_hybrid_skeleton_forced_loop_no_sig,3,304,0.6681318681318681,40.045516613563954,71.43013199817933,40.045516613563954,71.43013199817933,0
per_huruf_hybrid_skeleton_forced_loop_no_sig,3,305,0.6703296703296703,40.05735093309058,71.51888939462903,40.05735093309058,71.51888939462903,0
per_huruf_hybrid_skeleton_forced_loop_no_sig,3,306,0.6725274725274726,40.066909421939,71.60537096040055,40.066909421939,71.60537096040055,0
per_huruf_hybrid_skeleton_forced_loop_no_sig,3,307,0.6747252747252748,40.07282658170232,71.68821119708693,40.07282658170232,71.68821119708693,0
per_huruf_hybrid_skeleton_forced_loop_no_sig,3,308,0.676923076923077,40.0737369139736,71.76604460628128,40.0737369139736,71.76604460628128,0
per_huruf_hybrid_skeleton_forced_loop_no_sig,3,309,0.6791208791208792,40.06827492034592,71.83750568957669,40.06827492034592,71.83750568957669,0
per_huruf_hybrid_skeleton_forced_loop_no_sig,3,310,0.6813186813186813,40.05507510241238,71.90122894856623,40.05507510241238,71.90122894856623,0
per_huruf_hybrid_skeleton_forced_loop_no_sig,3,311,0.6835164835164835,40.032771961766045,71.95584888484296,40.032771961766045,71.95584888484296,0
per_huruf_hybrid_skeleton_forced_loop_no_sig,3,312,0.6857142857142857,40.0,72.0,40.0,72.0,0
per_huruf_hybrid_skeleton_forced_loop_no_sig,3,313,0.6879120879120879,39.95311788802914,72.03004096495222,39.95311788802914,72.03004096495222,0
per_huruf_hybrid_skeleton_forced_loop_no_sig,3,314,0.6901098901098901,39.891215293582164,72.04506144742832,39.891215293582164,72.04506144742832,0
per_huruf_hybrid_skeleton_forced_loop_no_sig,3,315,0.6923076923076923,39.817023213472915,72.04779244424213,39.817023213472915,72.04779244424213,0
per_huruf_hybrid_skeleton_forced_loop_no_sig,3,316,0.6945054945054945,39.733272644515246,72.04096495220756,39.733272644515246,72.04096495220756,0
per_huruf_hybrid_skeleton_forced_loop_no_sig,3,317,0.6967032967032967,39.642694583522996,72.02730996813837,39.642694583522996,72.02730996813837,0
per_huruf_hybrid_skeleton_forced_loop_no_sig,3,318,0.6989010989010989,39.54802002730997,72.00955848884843,39.54802002730997,72.00955848884843,0
per_huruf_hybrid_skeleton_forced_loop_no_sig,3,319,0.701098901098901,39.45197997269003,71.99044151115157,39.45197997269003,71.99044151115157,0
per_huruf_hybrid_skeleton_forced_loop_no_sig,3,320,0.7032967032967032,39.35730541647702,71.97269003186163,39.35730541647702,71.97269003186163,0
per_huruf_hybrid_skeleton_forced_loop_no_sig,3,321,0.7054945054945055,39.26672735548475,71.95903504779244,39.26672735548475,71.95903504779244,0
per_huruf_hybrid_skeleton_forced_loop_no_sig,3,322,0.7076923076923077,39.18297678652708,71.95220755575784,39.18297678652708,71.95220755575784,0
per_huruf_hybrid_skeleton_forced_loop_no_sig,3,323,0.7098901098901099,39.10878470641784,71.95493855257169,39.10878470641784,71.95493855257169,0
per_huruf_hybrid_skeleton_forced_loop_no_sig,3,324,0.7120879120879121,39.046882111970866,71.9699590350478,39.046882111970866,71.9699590350478,0
per_huruf_hybrid_skeleton_forced_loop_no_sig,3,325,0.7142857142857143,39.0,72.0,39.0,72.0,0
per_huruf_hybrid_skeleton_forced_loop_no_sig,3,326,0.7164835164835165,38.9699590350478,72.04415111515705,38.9699590350478,72.04415111515705,0
per_huruf_hybrid_skeleton_forced_loop_no_sig,3,327,0.7186813186813187,38.95493855257169,72.09877105143379,38.95493855257169,72.09877105143379,0
per_huruf_hybrid_skeleton_forced_loop_no_sig,3,328,0.7208791208791209,38.952207555757845,72.1624943104233,38.952207555757845,72.1624943104233,0
per_huruf_hybrid_skeleton_forced_loop_no_sig,3,329,0.7230769230769231,38.95903504779244,72.2339553937187,38.95903504779244,72.2339553937187,0
per_huruf_hybrid_skeleton_forced_loop_no_sig,3,330,0.7252747252747253,38.97269003186164,72.31178880291307,38.97269003186164,72.31178880291307,0
per_huruf_hybrid_skeleton_forced_loop_no_sig,3,331,0.7274725274725274,38.99044151115157,72.39462903959945,38.99044151115157,72.39462903959945,0
per_huruf_hybrid_skeleton_forced_loop_no_sig,3,332,0.7296703296703296,39.00955848884843,72.48111060537096,39.00955848884843,72.48111060537096,0
per_huruf_hybrid_skeleton_forced_loop_no_sig,3,333,0.7318681318681318,39.027309968138375,72.56986800182067,39.027309968138375,72.56986800182067,0
per_huruf_hybrid_skeleton_forced_loop_no_sig,3,334,0.734065934065934,39.04096495220755,72.65953573054165,39.04096495220755,72.65953573054165,0
per_huruf_hybrid_skeleton_forced_loop_no_sig,3,335,0.7362637362637363,39.04779244424215,72.748748293127,39.04779244424215,72.748748293127,0
per_huruf_hybrid_skeleton_forced_loop_no_sig,3,336,0.7384615384615385,39.04506144742831,72.83614019116978,39.04506144742831,72.83614019116978,0
per_huruf_hybrid_skeleton_forced_loop_no_sig,3,337,0.7406593406593407,39.03004096495221,72.92034592626308,39.03004096495221,72.92034592626308,0
per_huruf_hybrid_skeleton_forced_loop_no_sig,3,338,0.7428571428571429,39.0,73.0,39.0,73.0,0
per_huruf_hybrid_skeleton_forced_loop_no_sig,3,339,0.7450549450549451,38.95311788802914,73.07692307692308,38.95311788802914,73.07692307692308,0
per_huruf_hybrid_skeleton_forced_loop_no_sig,3,340,0.7472527472527473,38.89121529358216,73.15384615384615,38.89121529358216,73.15384615384615,0
per_huruf_hybrid_skeleton_forced_loop_no_sig,3,341,0.7494505494505495,38.817023213472915,73.23076923076923,38.817023213472915,73.23076923076923,0
per_huruf_hybrid_skeleton_forced_loop_no_sig,3,342,0.7516483516483516,38.733272644515246,73.3076923076923,38.733272644515246,73.3076923076923,0
per_huruf_hybrid_skeleton_forced_loop_no_sig,3,343,0.7538461538461538,38.642694583522996,73.38461538461539,38.642694583522996,73.38461538461539,0
per_huruf_hybrid_skeleton_forced_loop_no_sig,3,344,0.756043956043956,38.548020027309974,73.46153846153847,38.548020027309974,73.46153846153847,0
per_huruf_hybrid_skeleton_forced_loop_no_sig,3,345,0.7582417582417582,38.45197997269003,73.53846153846155,38.45197997269003,73.53846153846155,0
per_huruf_hybrid_skeleton_forced_loop_no_sig,3,346,0.7604395604395604,38.35730541647702,73.61538461538461,38.35730541647702,73.61538461538461,0
per_huruf_hybrid_skeleton_forced_loop_no_sig,3,347,0.7626373626373626,38.266727355484754,73.6923076923077,38.266727355484754,73.6923076923077,0
per_huruf_hybrid_skeleton_forced_loop_no_sig,3,348,0.7648351648351648,38.18297678652708,73.76923076923077,38.18297678652708,73.76923076923077,0
per_huruf_hybrid_skeleton_forced_loop_no_sig,3,349,0.7670329670329671,38.10878470641784,73.84615384615384,38.10878470641784,73.84615384615384,0
per_huruf_hybrid_skeleton_forced_loop_no_sig,3,350,0.7692307692307693,38.046882111970866,73.92307692307692,38.046882111970866,73.92307692307692,0
per_huruf_hybrid_skeleton_forced_loop_no_sig,3,351,0.7714285714285715,38.0,74.0,38.0,74.0,0
per_huruf_hybrid_skeleton_forced_loop_no_sig,3,352,0.7736263736263737,37.9699590350478,74.07692307692308,37.9699590350478,74.07692307692308,0
per_huruf_hybrid_skeleton_forced_loop_no_sig,3,353,0.7758241758241758,37.95493855257169,74.15384615384615,37.95493855257169,74.15384615384615,0
per_huruf_hybrid_skeleton_forced_loop_no_sig,3,354,0.778021978021978,37.95220755575785,74.23076923076923,37.95220755575785,74.23076923076923,0
per_huruf_hybrid_skeleton_forced_loop_no_sig,3,355,0.7802197802197802,37.95903504779245,74.30769230769229,37.95903504779245,74.30769230769229,0
per_huruf_hybrid_skeleton_forced_loop_no_sig,3,356,0.7824175824175824,37.97269003186164,74.3846153846154,37.97269003186164,74.3846153846154,0
per_huruf_hybrid_skeleton_forced_loop_no_sig,3,357,0.7846153846153846,37.99044151115157,74.46153846153847,37.99044151115157,74.46153846153847,0
per_huruf_hybrid_skeleton_forced_loop_no_sig,3,358,0.7868131868131868,38.00955848884843,74.53846153846153,38.00955848884843,74.53846153846153,0
per_huruf_hybrid_skeleton_forced_loop_no_sig,3,359,0.789010989010989,38.02730996813837,74.61538461538461,38.02730996813837,74.61538461538461,0
per_huruf_hybrid_skeleton_forced_loop_no_sig,3,360,0.7912087912087912,38.04096495220756,74.6923076923077,38.04096495220756,74.6923076923077,0
per_huruf_hybrid_skeleton_forced_loop_no_sig,3,361,0.7934065934065934,38.04779244424215,74.76923076923077,38.04779244424215,74.76923076923077,0
per_huruf_hybrid_skeleton_forced_loop_no_sig,3,362,0.7956043956043956,38.04506144742831,74.84615384615384,38.04506144742831,74.84615384615384,0
per_huruf_hybrid_skeleton_forced_loop_no_sig,3,363,0.7978021978021979,38.03004096495221,74.92307692307692,38.03004096495221,74.92307692307692,0
per_huruf_hybrid_skeleton_forced_loop_no_sig,3,364,0.8,38.0,75.0,38.0,75.0,0
per_huruf_hybrid_skeleton_forced_loop_no_sig,3,365,0.8021978021978022,37.95584888484297,75.07692307692308,37.95584888484297,75.07692307692308,0
per_huruf_hybrid_skeleton_forced_loop_no_sig,3,366,0.8043956043956044,37.90122894856623,75.15384615384616,37.90122894856623,75.15384615384616,0
per_huruf_hybrid_skeleton_forced_loop_no_sig,3,367,0.8065934065934066,37.837505689576695,75.23076923076923,37.837505689576695,75.23076923076923,0
per_huruf_hybrid_skeleton_forced_loop_no_sig,3,368,0.8087912087912088,37.76604460628129,75.3076923076923,37.76604460628129,75.3076923076923,0
per_huruf_hybrid_skeleton_forced_loop_no_sig,3,369,0.810989010989011,37.68821119708694,75.3846153846154,37.68821119708694,75.3846153846154,0
per_huruf_hybrid_skeleton_forced_loop_no_sig,3,370,0.8131868131868132,37.60537096040055,75.46153846153847,37.60537096040055,75.46153846153847,0
per_huruf_hybrid_skeleton_forced_loop_no_sig,3,371,0.8153846153846154,37.51888939462904,75.53846153846153,37.51888939462904,75.53846153846153,0
per_huruf_hybrid_skeleton_forced_loop_no_sig,3,372,0.8175824175824176,37.430131998179334,75.61538461538461,37.430131998179334,75.61538461538461,0
per_huruf_hybrid_skeleton_forced_loop_no_sig,3,373,0.8197802197802198,37.34046426945835,75.6923076923077,37.34046426945835,75.6923076923077,0
per_huruf_hybrid_skeleton_forced_loop_no_sig,3,374,0.8219780219780219,37.251251706873006,75.76923076923077,37.251251706873006,75.76923076923077,0
per_huruf_hybrid_skeleton_forced_loop_no_sig,3,375,0.8241758241758241,37.163859808830225,75.84615384615384,37.163859808830225,75.84615384615384,0
per_huruf_hybrid_skeleton_forced_loop_no_sig,3,376,0.8263736263736263,37.07965407373691,75.92307692307692,37.07965407373691,75.92307692307692,0
per_huruf_hybrid_skeleton_forced_loop_no_sig,3,377,0.8285714285714286,37.0,76.0,37.0,76.0,0
per_huruf_hybrid_skeleton_forced_loop_no_sig,3,378,0.8307692307692308,36.92034592626309,76.0769230769231,36.92034592626309,76.0769230769231,0
per_huruf_hybrid_skeleton_forced_loop_no_sig,3,379,0.832967032967033,36.836140191169775,76.15384615384616,36.836140191169775,76.15384615384616,0
per_huruf_hybrid_skeleton_forced_loop_no_sig,3,380,0.8351648351648352,36.74874829312698,76.23076923076921,36.74874829312698,76.23076923076921,0
per_huruf_hybrid_skeleton_forced_loop_no_sig,3,381,0.8373626373626374,36.65953573054165,76.30769230769229,36.65953573054165,76.30769230769229,0
per_huruf_hybrid_skeleton_forced_loop_no_sig,3,382,0.8395604395604396,36.569868001820666,76.3846153846154,36.569868001820666,76.3846153846154,0
per_huruf_hybrid_skeleton_forced_loop_no_sig,3,383,0.8417582417582418,36.48111060537096,76.46153846153847,36.48111060537096,76.46153846153847,0
per_huruf_hybrid_skeleton_forced_loop_no_sig,3,384,0.843956043956044,36.39462903959945,76.53846153846155,36.39462903959945,76.53846153846155,0
per_huruf_hybrid_skeleton_forced_loop_no_sig,3,385,0.8461538461538461,36.311788802913064,76.61538461538461,36.311788802913064,76.61538461538461,0
per_huruf_hybrid_skeleton_forced_loop_no_sig,3,386,0.8483516483516483,36.2339553937187,76.6923076923077,36.2339553937187,76.6923076923077,0
per_huruf_hybrid_skeleton_forced_loop_no_sig,3,387,0.8505494505494505,36.1624943104233,76.76923076923077,36.1624943104233,76.76923076923077,0
per_huruf_hybrid_skeleton_forced_loop_no_sig,3,388,0.8527472527472527,36.09877105143377,76.84615384615384,36.09877105143377,76.84615384615384,0
per_huruf_hybrid_skeleton_forced_loop_no_sig,3,389,0.8549450549450549,36.04415111515703,76.92307692307692,36.04415111515703,76.92307692307692,0
per_huruf_hybrid_skeleton_forced_loop_no_sig,3,390,0.8571428571428571,36.0,77.0,36.0,77.0,0
per_huruf_hybrid_skeleton_forced_loop_no_sig,3,391,0.8593406593406593,35.9699590350478,77.07692307692308,35.9699590350478,77.07692307692308,0
per_huruf_hybrid_skeleton_forced_loop_no_sig,3,392,0.8615384615384616,35.95493855257169,77.15384615384616,35.95493855257169,77.15384615384616,0
per_huruf_hybrid_skeleton_forced_loop_no_sig,3,393,0.8637362637362638,35.952207555757845,77.23076923076923,35.952207555757845,77.23076923076923,0
per_huruf_hybrid_skeleton_forced_loop_no_sig,3,394,0.865934065934066,35.95903504779245,77.30769230769229,35.95903504779245,77.30769230769229,0
per_huruf_hybrid_skeleton_forced_loop_no_sig,3,395,0.8681318681318682,35.97269003186163,77.3846153846154,35.97269003186163,77.3846153846154,0
per_huruf_hybrid_skeleton_forced_loop_no_sig,3,396,0.8703296703296703,35.990441511151566,77.46153846153847,35.990441511151566,77.46153846153847,0
per_huruf_hybrid_skeleton_forced_loop_no_sig,3,397,0.8725274725274725,36.00955848884843,77.53846153846155,36.00955848884843,77.53846153846155,0
per_huruf_hybrid_skeleton_forced_loop_no_sig,3,398,0.8747252747252747,36.02730996813837,77.61538461538461,36.02730996813837,77.61538461538461,0
per_huruf_hybrid_skeleton_forced_loop_no_sig,3,399,0.8769230769230769,36.04096495220755,77.6923076923077,36.04096495220755,77.6923076923077,0
per_huruf_hybrid_skeleton_forced_loop_no_sig,3,400,0.8791208791208791,36.04779244424215,77.76923076923077,36.04779244424215,77.76923076923077,0
per_huruf_hybrid_skeleton_forced_loop_no_sig,3,401,0.8813186813186813,36.04506144742831,77.84615384615385,36.04506144742831,77.84615384615385,0
per_huruf_hybrid_skeleton_forced_loop_no_sig,3,402,0.8835164835164835,36.03004096495221,77.92307692307692,36.03004096495221,77.92307692307692,0
per_huruf_hybrid_skeleton_forced_loop_no_sig,3,403,0.8857142857142857,36.0,78.0,36.0,78.0,0
per_huruf_hybrid_skeleton_forced_loop_no_sig,3,404,0.8879120879120879,35.95311788802914,78.0769230769231,35.95311788802914,78.0769230769231,0
per_huruf_hybrid_skeleton_forced_loop_no_sig,3,405,0.8901098901098901,35.89121529358216,78.15384615384615,35.89121529358216,78.15384615384615,0
per_huruf_hybrid_skeleton_forced_loop_no_sig,3,406,0.8923076923076924,35.817023213472915,78.23076923076921,35.817023213472915,78.23076923076921,0
per_huruf_hybrid_skeleton_forced_loop_no_sig,3,407,0.8945054945054945,35.733272644515246,78.3076923076923,35.733272644515246,78.3076923076923,0
per_huruf_hybrid_skeleton_forced_loop_no_sig,3,408,0.8967032967032967,35.64269458352299,78.3846153846154,35.64269458352299,78.3846153846154,0
per_huruf_hybrid_skeleton_forced_loop_no_sig,3,409,0.8989010989010989,35.548020027309974,78.46153846153847,35.548020027309974,78.46153846153847,0
per_huruf_hybrid_skeleton_forced_loop_no_sig,3,410,0.9010989010989011,35.451979972690026,78.53846153846153,35.451979972690026,78.53846153846153,0
per_huruf_hybrid_skeleton_forced_loop_no_sig,3,411,0.9032967032967033,35.35730541647702,78.61538461538461,35.35730541647702,78.61538461538461,0
per_huruf_hybrid_skeleton_forced_loop_no_sig,3,412,0.9054945054945055,35.26672735548475,78.6923076923077,35.26672735548475,78.6923076923077,0
per_huruf_hybrid_skeleton_forced_loop_no_sig,3,413,0.9076923076923077,35.18297678652708,78.76923076923077,35.18297678652708,78.76923076923077,0
per_huruf_hybrid_skeleton_forced_loop_no_sig,3,414,0.9098901098901099,35.10878470641784,78.84615384615384,35.10878470641784,78.84615384615384,0
per_huruf_hybrid_skeleton_forced_loop_no_sig,3,415,0.9120879120879121,35.046882111970866,78.92307692307692,35.046882111970866,78.92307692307692,0
per_huruf_hybrid_skeleton_forced_loop_no_sig,3,416,0.9142857142857143,35.0,79.0,35.0,79.0,0
per_huruf_hybrid_skeleton_forced_loop_no_sig,3,417,0.9164835164835164,34.9699590350478,79.07965407373692,34.9699590350478,79.07965407373692,0
per_huruf_hybrid_skeleton_forced_loop_no_sig,3,418,0.9186813186813186,34.95493855257169,79.16385980883024,34.95493855257169,79.16385980883024,0
per_huruf_hybrid_skeleton_forced_loop_no_sig,3,419,0.9208791208791208,34.952207555757845,79.25125170687299,34.952207555757845,79.25125170687299,0
per_huruf_hybrid_skeleton_forced_loop_no_sig,3,420,0.9230769230769231,34.95903504779244,79.34046426945835,34.95903504779244,79.34046426945835,0
per_huruf_hybrid_skeleton_forced_loop_no_sig,3,421,0.9252747252747253,34.97269003186163,79.43013199817935,34.97269003186163,79.43013199817935,0
per_huruf_hybrid_skeleton_forced_loop_no_sig,3,422,0.9274725274725275,34.99044151115157,79.51888939462904,34.99044151115157,79.51888939462904,0
per_huruf_hybrid_skeleton_forced_loop_no_sig,3,423,0.9296703296703297,35.00955848884843,79.60537096040053,35.00955848884843,79.60537096040053,0
per_huruf_hybrid_skeleton_forced_loop_no_sig,3,424,0.9318681318681319,35.02730996813837,79.68821119708694,35.02730996813837,79.68821119708694,0
per_huruf_hybrid_skeleton_forced_loop_no_sig,3,425,0.9340659340659341,35.04096495220755,79.7660446062813,35.04096495220755,79.7660446062813,0
per_huruf_hybrid_skeleton_forced_loop_no_sig,3,426,0.9362637362637363,35.04779244424215,79.83750568957669,35.04779244424215,79.83750568957669,0
per_huruf_hybrid_skeleton_forced_loop_no_sig,3,427,0.9384615384615385,35.04506144742831,79.90122894856623,35.04506144742831,79.90122894856623,0
per_huruf_hybrid_skeleton_forced_loop_no_sig,3,428,0.9406593406593406,35.03004096495221,79.95584888484296,35.03004096495221,79.95584888484296,0
per_huruf_hybrid_skeleton_forced_loop_no_sig,3,429,0.9428571428571428,35.0,80.0,35.0,80.0,0
per_huruf_hybrid_skeleton_forced_loop_no_sig,3,430,0.945054945054945,34.953117888029134,80.0300409649522,34.953117888029134,80.0300409649522,0
per_huruf_hybrid_skeleton_forced_loop_no_sig,3,431,0.9472527472527472,34.89121529358216,80.04506144742832,34.89121529358216,80.04506144742832,0
per_huruf_hybrid_skeleton_forced_loop_no_sig,3,432,0.9494505494505494,34.817023213472915,80.04779244424215,34.817023213472915,80.04779244424215,0
per_huruf_hybrid_skeleton_forced_loop_no_sig,3,433,0.9516483516483516,34.733272644515246,80.04096495220756,34.733272644515246,80.04096495220756,0
per_huruf_hybrid_skeleton_forced_loop_no_sig,3,434,0.9538461538461539,34.64269458352299,80.02730996813838,34.64269458352299,80.02730996813838,0
per_huruf_hybrid_skeleton_forced_loop_no_sig,3,435,0.9560439560439561,34.548020027309974,80.00955848884844,34.548020027309974,80.00955848884844,0
per_huruf_hybrid_skeleton_forced_loop_no_sig,3,436,0.9582417582417583,34.45197997269003,79.99044151115157,34.45197997269003,79.99044151115157,0
per_huruf_hybrid_skeleton_forced_loop_no_sig,3,437,0.9604395604395605,34.35730541647702,79.97269003186163,34.35730541647702,79.97269003186163,0
per_huruf_hybrid_skeleton_forced_loop_no_sig,3,438,0.9626373626373627,34.26672735548475,79.95903504779244,34.26672735548475,79.95903504779244,0
per_huruf_hybrid_skeleton_forced_loop_no_sig,3,439,0.9648351648351648,34.18297678652708,79.95220755575784,34.18297678652708,79.95220755575784,0
per_huruf_hybrid_skeleton_forced_loop_no_sig,3,440,0.967032967032967,34.10878470641784,79.95493855257169,34.10878470641784,79.95493855257169,0
per_huruf_hybrid_skeleton_forced_loop_no_sig,3,441,0.9692307692307692,34.046882111970866,79.9699590350478,34.046882111970866,79.9699590350478,0
per_huruf_hybrid_skeleton_forced_loop_no_sig,3,442,0.9714285714285714,34.0,80.0,34.0,80.0,0
per_huruf_hybrid_skeleton_forced_loop_no_sig,3,443,0.9736263736263736,33.967228038233955,80.04688211197087,33.967228038233955,80.04688211197087,0
per_huruf_hybrid_skeleton_forced_loop_no_sig,3,444,0.9758241758241758,33.944924897587626,80.10878470641785,33.944924897587626,80.10878470641785,0
per_huruf_hybrid_skeleton_forced_loop_no_sig,3,445,0.978021978021978,33.93172507965407,80.18297678652708,33.93172507965407,80.18297678652708,0
per_huruf_hybrid_skeleton_forced_loop_no_sig,3,446,0.9802197802197802,33.926263086026395,80.26672735548473,33.926263086026395,80.26672735548473,0
per_huruf_hybrid_skeleton_forced_loop_no_sig,3,447,0.9824175824175824,33.927173418297684,80.35730541647702,33.927173418297684,80.35730541647702,0
per_huruf_hybrid_skeleton_forced_loop_no_sig,3,448,0.9846153846153847,33.933090578061,80.45197997269004,33.933090578061,80.45197997269004,0
per_huruf_hybrid_skeleton_forced_loop_no_sig,3,449,0.9868131868131869,33.942649066909425,80.54802002730997,33.942649066909425,80.54802002730997,0
per_huruf_hybrid_skeleton_forced_loop_no_sig,3,450,0.989010989010989,33.95448338643605,80.642694583523,33.95448338643605,80.642694583523,0
per_huruf_hybrid_skeleton_forced_loop_no_sig,3,451,0.9912087912087912,33.967228038233955,80.73327264451524,33.967228038233955,80.73327264451524,0
per_huruf_hybrid_skeleton_forced_loop_no_sig,3,452,0.9934065934065934,33.97951752389622,80.81702321347291,33.97951752389622,80.81702321347291,0
per_huruf_hybrid_skeleton_forced_loop_no_sig,3,453,0.9956043956043956,33.989986345015936,80.89121529358216,33.989986345015936,80.89121529358216,0
per_huruf_hybrid_skeleton_forced_loop_no_sig,3,454,0.9978021978021978,33.99726900318616,80.95311788802913,33.99726900318616,80.95311788802913,0
per_huruf_hybrid_skeleton_forced_loop_no_sig,3,455,1.0,34.0,81.0,34.0,81.0,0
